code;country
10009;NGA
10011;NGA
10054;NGA
10018;NGA
10021;NGA
10022;NGA
10027;NGA
10028;NGA
10032;NGA
10037;NGA
10040;NGA
12001;NGA
13001;NGA
14000;NGA
14001;NGA
14002;NGA
14006;NGA
14007;NGA
20002;NGA
20003;NGA
21001;NGA
21004;NGA
22000;NGA
22001;NGA
22002;NGA
22003;NGA
22004;NGA
23001;NGA
23012;NGA
27000;NGA
27001;NGA
27002;NGA
27003;NGA
27004;NGA
27105;NGA
27110;NGA
27111;NGA
27112;NGA
27113;NGA
30105;NGA
30106;NGA
30212;NGA
30307;NGA
30310;NGA
30311;NGA
30316;NGA
30317;NGA
30315;NGA
30320;NGA
30331;NGA
30332;NGA
30333;NGA
30340;NGA
30341;NGA
30342;NGA
30343;NGA
30344;NGA
30345;NGA
30346;NGA
30370;NGA
30347;NGA
30360;NGA
30362;NGA
30350;NGA
30351;NGA
30354;NGA
30355;NGA
30357;NGA
30358;NGA
30359;NGA
30363;NGA
30372;NGA
30373;NGA
30413;NGA
30402;NGA
30403;NGA
30404;NGA
30405;NGA
30406;NGA
30505;NGA
30506;NGA
30507;NGA
30508;NGA
30509;NGA
30510;NGA
30511;NGA
30512;NGA
30513;NGA
30514;NGA
30517;NGA
30518;NGA
30557;NGA
30570;NGA
30560;NGA
30561;NGA
30562;NGA
30563;NGA
30605;NGA
30611;NGA
30612;NGA
30620;NGA
30806;NGA
30807;NGA
30837;NGA
30839;NGA
30840;NGA
30841;NGA
30845;NGA
30846;NGA
30847;NGA
30858;NGA
30935;NGA
30937;NGA
30938;NGA
30939;NGA
30940;NGA
30941;NGA
30942;NGA
30943;NGA
30944;NGA
30945;NGA
30946;NGA
30947;NGA
30948;NGA
31135;NGA
31136;NGA
31145;NGA
31146;NGA
31147;NGA
31148;NGA
31149;NGA
31150;NGA
31151;NGA
31215;NGA
31216;NGA
31217;NGA
31218;NGA
31219;NGA
31235;NGA
31236;NGA
31237;NGA
31238;NGA
31257;NGA
31262;NGA
31263;NGA
31264;NGA
31265;NGA
31275;NGA
31305;NGA
31405;NGA
31406;NGA
31407;NGA
31408;NGA
31409;NGA
31411;NGA
31413;NGA
31414;NGA
31415;NGA
31418;NGA
31419;NGA
31420;NGA
31421;NGA
31505;NGA
31506;NGA
31510;NGA
31605;NGA
31606;NGA
31607;NGA
31608;NGA
31609;NGA
31610;NGA
31611;NGA
31623;NGA
31614;NGA
31615;NGA
31616;NGA
31617;NGA
31618;NGA
31622;NGA
40205;NGA
40206;NGA
40207;NGA
40208;NGA
40218;NGA
40219;NGA
40220;NGA
41005;NGA
41006;NGA
41008;NGA
41125;NGA
41126;NGA
41127;NGA
41129;NGA
41130;NGA
42005;NGA
50107;NGA
50119;NGA
50122;NGA
50123;NGA
51105;NGA
51106;NGA
51107;NGA
51108;NGA
51109;NGA
51111;NGA
51112;NGA
52106;NGA
52107;NGA
52108;NGA
52109;NGA
52113;NGA
52114;NGA
52116;NGA
52117;NGA
52118;NGA
54105;NGA
55108;NGA
60112;NGA
60113;NGA
60114;NGA
60115;NGA
60116;NGA
60117;NGA
60118;NGA
60119;NGA
60120;NGA
60121;NGA
60122;NGA
60123;NGA
60124;NGA
60125;NGA
60126;NGA
60127;NGA
60128;NGA
60131;NGA
60132;NGA
60133;NGA
61105;NGA
61108;NGA
61109;NGA
61111;NGA
61117;NGA
62114;NGA
62115;NGA
62116;NGA
62117;NGA
62118;NGA
62119;NGA
62120;NGA
62121;NGA
62122;NGA
62123;NGA
62124;NGA
62125;NGA
62126;NGA
62127;NGA
62128;NGA
62129;NGA
62130;NGA
62131;NGA
62132;NGA
62133;NGA
62134;NGA
62135;NGA
62136;NGA
62137;NGA
62138;NGA
62156;NGA
62157;NGA
70110;NGA
70111;NGA
70112;NGA
70125;NGA
70407;NGA
70130;NGA
70131;NGA
70132;NGA
70133;NGA
70146;NGA
70147;NGA
70148;NGA
70185;NGA
10009;KEN
10011;KEN
10054;KEN
10018;KEN
10021;KEN
10022;KEN
10027;KEN
10028;KEN
10032;KEN
10037;KEN
10040;KEN
12001;KEN
13001;KEN
14000;KEN
14001;KEN
14002;KEN
14006;KEN
14007;KEN
20002;KEN
20003;KEN
21001;KEN
21004;KEN
22000;KEN
22001;KEN
22002;KEN
22003;KEN
22004;KEN
23001;KEN
23012;KEN
27000;KEN
27001;KEN
27002;KEN
27003;KEN
27004;KEN
27105;KEN
27110;KEN
27111;KEN
27112;KEN
27113;KEN
30105;KEN
30106;KEN
30212;KEN
30307;KEN
30310;KEN
30311;KEN
30316;KEN
30317;KEN
30309;KEN
30313;KEN
30314;KEN
30315;KEN
30320;KEN
30331;KEN
30332;KEN
30333;KEN
30340;KEN
30341;KEN
30342;KEN
30343;KEN
30344;KEN
30345;KEN
30346;KEN
30370;KEN
30347;KEN
30360;KEN
30362;KEN
30350;KEN
30351;KEN
30354;KEN
30355;KEN
30357;KEN
30358;KEN
30359;KEN
30363;KEN
30372;KEN
30373;KEN
30413;KEN
30402;KEN
30403;KEN
30404;KEN
30405;KEN
30406;KEN
30505;KEN
30506;KEN
30507;KEN
30508;KEN
30509;KEN
30510;KEN
30511;KEN
30512;KEN
30513;KEN
30514;KEN
30517;KEN
30518;KEN
30554;KEN
30555;KEN
30557;KEN
30570;KEN
30560;KEN
30561;KEN
30562;KEN
30563;KEN
30565;KEN
30566;KEN
30567;KEN
30568;KEN
30569;KEN
30580;KEN
30605;KEN
30611;KEN
30612;KEN
30620;KEN
30825;KEN
30837;KEN
30839;KEN
30840;KEN
30841;KEN
30845;KEN
30846;KEN
30847;KEN
30858;KEN
30905;KEN
30906;KEN
30907;KEN
30908;KEN
30909;KEN
30910;KEN
30911;KEN
30912;KEN
30913;KEN
30914;KEN
30915;KEN
30916;KEN
30917;KEN
30935;KEN
30937;KEN
30938;KEN
30939;KEN
30940;KEN
30941;KEN
30942;KEN
30943;KEN
30944;KEN
30945;KEN
30946;KEN
30947;KEN
30948;KEN
31105;KEN
31106;KEN
31107;KEN
31108;KEN
31135;KEN
31136;KEN
31145;KEN
31146;KEN
31147;KEN
31148;KEN
31149;KEN
31150;KEN
31151;KEN
31215;KEN
31216;KEN
31217;KEN
31218;KEN
31219;KEN
31235;KEN
31236;KEN
31237;KEN
31238;KEN
31257;KEN
31262;KEN
31263;KEN
31264;KEN
31265;KEN
31275;KEN
31305;KEN
31405;KEN
31406;KEN
31407;KEN
31408;KEN
31409;KEN
31411;KEN
31413;KEN
31414;KEN
31415;KEN
31418;KEN
31419;KEN
31420;KEN
31421;KEN
31505;KEN
31506;KEN
31510;KEN
31605;KEN
31606;KEN
31607;KEN
31608;KEN
31609;KEN
31610;KEN
31623;KEN
31614;KEN
31615;KEN
31616;KEN
31617;KEN
31618;KEN
31622;KEN
31660;KEN
40205;KEN
40206;KEN
40207;KEN
40208;KEN
40218;KEN
40219;KEN
40220;KEN
41005;KEN
41006;KEN
41008;KEN
41125;KEN
41126;KEN
41127;KEN
41129;KEN
41130;KEN
42005;KEN
50107;KEN
50119;KEN
50122;KEN
50123;KEN
51105;KEN
51106;KEN
51107;KEN
51108;KEN
51109;KEN
51111;KEN
51112;KEN
52105;KEN
52106;KEN
52107;KEN
52108;KEN
52109;KEN
52110;KEN
52114;KEN
52115;KEN
52116;KEN
52117;KEN
52118;KEN
54105;KEN
55108;KEN
60112;KEN
60113;KEN
60114;KEN
60115;KEN
60116;KEN
60117;KEN
60118;KEN
60119;KEN
60120;KEN
60121;KEN
60122;KEN
60123;KEN
60124;KEN
60125;KEN
60126;KEN
60127;KEN
60128;KEN
60131;KEN
60132;KEN
60133;KEN
61105;KEN
61108;KEN
61109;KEN
61111;KEN
61117;KEN
62114;KEN
62115;KEN
62116;KEN
62117;KEN
62118;KEN
62119;KEN
62120;KEN
62121;KEN
62122;KEN
62123;KEN
62124;KEN
62125;KEN
62126;KEN
62127;KEN
62128;KEN
62129;KEN
62130;KEN
62131;KEN
62132;KEN
62133;KEN
62134;KEN
62135;KEN
62136;KEN
62137;KEN
62138;KEN
62156;KEN
62157;KEN
70110;KEN
70111;KEN
70112;KEN
70125;KEN
70407;KEN
70130;KEN
70131;KEN
70132;KEN
70133;KEN
70146;KEN
70147;KEN
70148;KEN
70185;KEN
10009;ZMB
10011;ZMB
10054;ZMB
10018;ZMB
10021;ZMB
10022;ZMB
10027;ZMB
10028;ZMB
10032;ZMB
10037;ZMB
10040;ZMB
12001;ZMB
13001;ZMB
14000;ZMB
14001;ZMB
14002;ZMB
14006;ZMB
14007;ZMB
20002;ZMB
20003;ZMB
21001;ZMB
21004;ZMB
22000;ZMB
22001;ZMB
22002;ZMB
22003;ZMB
22004;ZMB
23001;ZMB
23012;ZMB
27000;ZMB
27001;ZMB
27002;ZMB
27003;ZMB
27004;ZMB
27105;ZMB
27106;ZMB
27107;ZMB
27108;ZMB
27109;ZMB
27110;ZMB
27111;ZMB
27112;ZMB
27113;ZMB
30105;ZMB
30106;ZMB
30212;ZMB
30307;ZMB
30310;ZMB
30311;ZMB
30316;ZMB
30317;ZMB
30315;ZMB
30320;ZMB
30331;ZMB
30332;ZMB
30333;ZMB
30340;ZMB
30341;ZMB
30342;ZMB
30343;ZMB
30344;ZMB
30345;ZMB
30346;ZMB
30370;ZMB
30347;ZMB
30360;ZMB
30362;ZMB
30350;ZMB
30351;ZMB
30354;ZMB
30355;ZMB
30357;ZMB
30358;ZMB
30359;ZMB
30363;ZMB
30372;ZMB
30373;ZMB
30413;ZMB
30402;ZMB
30403;ZMB
30404;ZMB
30405;ZMB
30406;ZMB
30505;ZMB
30506;ZMB
30507;ZMB
30508;ZMB
30509;ZMB
30510;ZMB
30511;ZMB
30512;ZMB
30513;ZMB
30514;ZMB
30517;ZMB
30518;ZMB
30557;ZMB
30570;ZMB
30605;ZMB
30611;ZMB
30612;ZMB
30620;ZMB
30837;ZMB
30839;ZMB
30840;ZMB
30845;ZMB
30846;ZMB
30847;ZMB
30858;ZMB
30918;ZMB
30919;ZMB
30920;ZMB
30921;ZMB
30922;ZMB
30923;ZMB
30924;ZMB
30925;ZMB
30926;ZMB
30927;ZMB
30928;ZMB
30929;ZMB
30930;ZMB
30935;ZMB
30936;ZMB
30937;ZMB
30938;ZMB
30939;ZMB
30940;ZMB
30941;ZMB
30942;ZMB
30943;ZMB
30944;ZMB
30945;ZMB
30946;ZMB
30947;ZMB
30948;ZMB
30949;ZMB
30950;ZMB
30951;ZMB
30952;ZMB
30953;ZMB
30954;ZMB
30955;ZMB
30956;ZMB
30957;ZMB
30958;ZMB
30959;ZMB
30960;ZMB
30961;ZMB
30962;ZMB
30963;ZMB
30964;ZMB
30965;ZMB
30966;ZMB
30967;ZMB
30968;ZMB
30969;ZMB
30970;ZMB
30971;ZMB
30972;ZMB
30973;ZMB
30974;ZMB
30975;ZMB
30976;ZMB
30977;ZMB
30978;ZMB
30979;ZMB
30980;ZMB
30981;ZMB
30983;ZMB
30984;ZMB
30985;ZMB
30986;ZMB
30987;ZMB
30988;ZMB
30989;ZMB
30991;ZMB
30992;ZMB
30993;ZMB
30994;ZMB
30995;ZMB
30996;ZMB
30997;ZMB
30998;ZMB
30999;ZMB
31000;ZMB
31006;ZMB
31007;ZMB
31008;ZMB
31009;ZMB
31011;ZMB
31012;ZMB
31013;ZMB
31014;ZMB
31015;ZMB
31016;ZMB
31017;ZMB
31019;ZMB
31021;ZMB
31022;ZMB
31025;ZMB
31027;ZMB
31028;ZMB
31029;ZMB
31032;ZMB
31033;ZMB
31034;ZMB
31035;ZMB
31036;ZMB
31037;ZMB
31038;ZMB
31039;ZMB
31040;ZMB
31041;ZMB
31042;ZMB
31043;ZMB
31044;ZMB
31045;ZMB
31046;ZMB
31047;ZMB
31048;ZMB
31049;ZMB
31050;ZMB
31051;ZMB
31052;ZMB
31053;ZMB
31054;ZMB
31055;ZMB
31056;ZMB
31057;ZMB
31058;ZMB
31059;ZMB
31060;ZMB
31061;ZMB
31062;ZMB
31063;ZMB
31064;ZMB
31065;ZMB
31066;ZMB
31067;ZMB
31068;ZMB
31069;ZMB
31070;ZMB
31071;ZMB
31072;ZMB
31073;ZMB
31074;ZMB
31075;ZMB
31076;ZMB
31077;ZMB
31078;ZMB
31079;ZMB
31080;ZMB
31081;ZMB
31082;ZMB
31083;ZMB
31084;ZMB
31085;ZMB
31086;ZMB
31087;ZMB
31088;ZMB
31089;ZMB
31090;ZMB
31091;ZMB
31092;ZMB
31093;ZMB
31094;ZMB
31095;ZMB
31096;ZMB